,name,link
0,      Riad Shajara,https://www.tripadvisor.com/Hotel_Review-g293734-d23636654-Reviews-Riad_Shajara-Marrakech_Marrakech_Safi.html
1,      1. Sol Oasis Marrakech,https://www.tripadvisor.com/Hotel_Review-g293734-d19656581-Reviews-Sol_Oasis_Marrakech-Marrakech_Marrakech_Safi.html
2,      2. Movenpick Hotel Mansour Eddahbi Marrakech,https://www.tripadvisor.com/Hotel_Review-g293734-d302479-Reviews-Movenpick_Hotel_Mansour_Eddahbi_Marrakech-Marrakech_Marrakech_Safi.html
3,      3. La Maison Arabe,https://www.tripadvisor.com/Hotel_Review-g293734-d303075-Reviews-La_Maison_Arabe-Marrakech_Marrakech_Safi.html
4,      4. Aqua Mirage Marrakech Hotel Club,https://www.tripadvisor.com/Hotel_Review-g293734-d7856438-Reviews-Aqua_Mirage_Marrakech_Hotel_Club-Marrakech_Marrakech_Safi.html
5,      5. Aqua Fun Club Marrakech,https://www.tripadvisor.com/Hotel_Review-g293734-d2177899-Reviews-Aqua_Fun_Club_Marrakech-Marrakech_Marrakech_Safi.html
6,      Riad El Zohar,https://www.tripadvisor.com/Hotel_Review-g293734-d585350-Reviews-Riad_El_Zohar-Marrakech_Marrakech_Safi.html
7,      6. Riad Dar Anika,https://www.tripadvisor.com/Hotel_Review-g293734-d609383-Reviews-Riad_Dar_Anika-Marrakech_Marrakech_Safi.html
8,      7. Iberostar Club Palmeraie Marrakech,https://www.tripadvisor.com/Hotel_Review-g293734-d1053257-Reviews-Iberostar_Club_Palmeraie_Marrakech-Marrakech_Marrakech_Safi.html
9,      8. Riad Houdou,https://www.tripadvisor.com/Hotel_Review-g293734-d621179-Reviews-Riad_Houdou-Marrakech_Marrakech_Safi.html
10,      9. Valeria Dar Atlas Resort,https://www.tripadvisor.com/Hotel_Review-g293734-d1744061-Reviews-Valeria_Dar_Atlas_Resort-Marrakech_Marrakech_Safi.html
11,      10. Be Live Collection Marrakech Adults Only,https://www.tripadvisor.com/Hotel_Review-g293734-d12199882-Reviews-Be_Live_Collection_Marrakech_Adults_Only-Marrakech_Marrakech_Safi.html
12,      Riad Karmela Princesse,https://www.tripadvisor.com/Hotel_Review-g293734-d12145338-Reviews-Riad_Karmela_Princesse-Marrakech_Marrakech_Safi.html
13,      11. Andalla Riad & Spa,https://www.tripadvisor.com/Hotel_Review-g293734-d12219158-Reviews-Andalla_Riad_Spa-Marrakech_Marrakech_Safi.html
14,      12. Kenzi Rose Garden,https://www.tripadvisor.com/Hotel_Review-g293734-d304468-Reviews-Kenzi_Rose_Garden-Marrakech_Marrakech_Safi.html
15,      13. Kenzi Club Agdal Medina,https://www.tripadvisor.com/Hotel_Review-g293734-d1941087-Reviews-Kenzi_Club_Agdal_Medina-Marrakech_Marrakech_Safi.html
16,"      14. Eden Andalou Suites, Aquapark & Spa",https://www.tripadvisor.com/Hotel_Review-g293734-d1116921-Reviews-Eden_Andalou_Suites_Aquapark_Spa-Marrakech_Marrakech_Safi.html
17,      15. La Mamounia Marrakech,https://www.tripadvisor.com/Hotel_Review-g293734-d301256-Reviews-La_Mamounia_Marrakech-Marrakech_Marrakech_Safi.html
18,      Riad le Coq Berbere,https://www.tripadvisor.com/Hotel_Review-g293734-d1556718-Reviews-Riad_le_Coq_Berbere-Marrakech_Marrakech_Safi.html
19,      16. Riad Karmela,https://www.tripadvisor.com/Hotel_Review-g293734-d625586-Reviews-Riad_Karmela-Marrakech_Marrakech_Safi.html
20,      17. Sofitel Marrakech Lounge & Spa Hotel,https://www.tripadvisor.com/Hotel_Review-g293734-d299685-Reviews-Sofitel_Marrakech_Lounge_Spa_Hotel-Marrakech_Marrakech_Safi.html
21,      18. Savoy Le Grand Hotel,https://www.tripadvisor.com/Hotel_Review-g293734-d8634354-Reviews-Savoy_Le_Grand_Hotel-Marrakech_Marrakech_Safi.html
22,      19. Riad Noir d'Ivoire,https://www.tripadvisor.com/Hotel_Review-g293734-d671802-Reviews-Riad_Noir_d_Ivoire-Marrakech_Marrakech_Safi.html
23,      20. Four Seasons Resort Marrakech,https://www.tripadvisor.com/Hotel_Review-g293734-d2052505-Reviews-Four_Seasons_Resort_Marrakech-Marrakech_Marrakech_Safi.html
24,      21. Hotel Riu Tikida Palmeraie,https://www.tripadvisor.com/Hotel_Review-g293734-d1171096-Reviews-Hotel_Riu_Tikida_Palmeraie-Marrakech_Marrakech_Safi.html
25,      22. LabrandaTarga Club Aqua Parc,https://www.tripadvisor.com/Hotel_Review-g293734-d1718988-Reviews-LabrandaTarga_Club_Aqua_Parc-Marrakech_Marrakech_Safi.html
26,      23. Pestana CR7 Marrakech,https://www.tripadvisor.com/Hotel_Review-g293734-d23706137-Reviews-Pestana_CR7_Marrakech-Marrakech_Marrakech_Safi.html
27,      24. Marrakech Ryads Parc & Spa,https://www.tripadvisor.com/Hotel_Review-g293734-d1649367-Reviews-Marrakech_Ryads_Parc_Spa-Marrakech_Marrakech_Safi.html
28,      25. Villa Makassar,https://www.tripadvisor.com/Hotel_Review-g293734-d1990531-Reviews-Villa_Makassar-Marrakech_Marrakech_Safi.html
29,      26. Riad Hayati,https://www.tripadvisor.com/Hotel_Review-g293734-d647802-Reviews-Riad_Hayati-Marrakech_Marrakech_Safi.html
30,      27. Labranda Rose Aqua Parc,https://www.tripadvisor.com/Hotel_Review-g293734-d1071465-Reviews-Labranda_Rose_Aqua_Parc-Marrakech_Marrakech_Safi.html
31,      28. Diwane Hotel & Spa Marrakech,https://www.tripadvisor.com/Hotel_Review-g293734-d503024-Reviews-Diwane_Hotel_Spa_Marrakech-Marrakech_Marrakech_Safi.html
32,      29. Le Meridien N'Fis,https://www.tripadvisor.com/Hotel_Review-g293734-d302634-Reviews-Le_Meridien_N_Fis-Marrakech_Marrakech_Safi.html
33,      30. Novotel Marrakech Hivernage Hotel,https://www.tripadvisor.com/Hotel_Review-g293734-d1395785-Reviews-Novotel_Marrakech_Hivernage_Hotel-Marrakech_Marrakech_Safi.html
34,      31. Es Saadi Marrakech Resort Palace,https://www.tripadvisor.com/Hotel_Review-g293734-d1053100-Reviews-Es_Saadi_Marrakech_Resort_Palace-Marrakech_Marrakech_Safi.html
35,"      32. The Oberoi, Marrakech",https://www.tripadvisor.com/Hotel_Review-g293734-d19141477-Reviews-The_Oberoi_Marrakech-Marrakech_Marrakech_Safi.html
36,      33. Fairmont Royal Palm Marrakech,https://www.tripadvisor.com/Hotel_Review-g293734-d5598827-Reviews-Fairmont_Royal_Palm_Marrakech-Marrakech_Marrakech_Safi.html
37,      34. Kenzi Menara Palace,https://www.tripadvisor.com/Hotel_Review-g293734-d1149364-Reviews-Kenzi_Menara_Palace-Marrakech_Marrakech_Safi.html
38,      35. Les Jardins de la Koutoubia,https://www.tripadvisor.com/Hotel_Review-g293734-d316717-Reviews-Les_Jardins_de_la_Koutoubia-Marrakech_Marrakech_Safi.html
39,      36. Be Live Experience Marrakech Palmeraie,https://www.tripadvisor.com/Hotel_Review-g293734-d12199253-Reviews-Be_Live_Experience_Marrakech_Palmeraie-Marrakech_Marrakech_Safi.html
40,      37. Riad Melhoun & Spa,https://www.tripadvisor.com/Hotel_Review-g293734-d3188775-Reviews-Riad_Melhoun_Spa-Marrakech_Marrakech_Safi.html
41,      38. Riad Andalla,https://www.tripadvisor.com/Hotel_Review-g293734-d1438173-Reviews-Riad_Andalla-Marrakech_Marrakech_Safi.html
42,      39. TUI BLUE Riu Tikida Garden,https://www.tripadvisor.com/Hotel_Review-g293734-d303076-Reviews-TUI_BLUE_Riu_Tikida_Garden-Marrakech_Marrakech_Safi.html
43,      40. Riad Kaiss,https://www.tripadvisor.com/Hotel_Review-g293734-d317357-Reviews-Riad_Kaiss-Marrakech_Marrakech_Safi.html
44,      41. Club Med Marrakech La Palmeraie,https://www.tripadvisor.com/Hotel_Review-g293734-d548395-Reviews-Club_Med_Marrakech_La_Palmeraie-Marrakech_Marrakech_Safi.html
45,      42. Hotel Sofitel Marrakech Palais Imperial,https://www.tripadvisor.com/Hotel_Review-g293734-d1485970-Reviews-Hotel_Sofitel_Marrakech_Palais_Imperial-Marrakech_Marrakech_Safi.html
46,      43. Riad Karmela Princesse,https://www.tripadvisor.com/Hotel_Review-g293734-d12145338-Reviews-Riad_Karmela_Princesse-Marrakech_Marrakech_Safi.html
47,      44. JAAL Riad Resort,https://www.tripadvisor.com/Hotel_Review-g293734-d1436744-Reviews-JAAL_Riad_Resort-Marrakech_Marrakech_Safi.html
48,      45. Es Saadi Marrakech Resort Hotel,https://www.tripadvisor.com/Hotel_Review-g293734-d304341-Reviews-Es_Saadi_Marrakech_Resort_Hotel-Marrakech_Marrakech_Safi.html
49,      46. Les Jardins de la Medina,https://www.tripadvisor.com/Hotel_Review-g293734-d316718-Reviews-Les_Jardins_de_la_Medina-Marrakech_Marrakech_Safi.html
50,      47. Valeria Madina Club Resort,https://www.tripadvisor.com/Hotel_Review-g293734-d877823-Reviews-Valeria_Madina_Club_Resort-Marrakech_Marrakech_Safi.html
51,      48. Riad Emberiza Sahari,https://www.tripadvisor.com/Hotel_Review-g293734-d7374477-Reviews-Riad_Emberiza_Sahari-Marrakech_Marrakech_Safi.html
52,      49. Barcelo Palmeraie,https://www.tripadvisor.com/Hotel_Review-g293734-d16541118-Reviews-Barcelo_Palmeraie-Marrakech_Marrakech_Safi.html
53,      50. La Sultana Marrakech,https://www.tripadvisor.com/Hotel_Review-g293734-d481491-Reviews-La_Sultana_Marrakech-Marrakech_Marrakech_Safi.html
54,      51. Opera Plaza Hotel,https://www.tripadvisor.com/Hotel_Review-g293734-d2536423-Reviews-Opera_Plaza_Hotel-Marrakech_Marrakech_Safi.html
55,      52. Riad Puchka,https://www.tripadvisor.com/Hotel_Review-g293734-d642273-Reviews-Riad_Puchka-Marrakech_Marrakech_Safi.html
56,      53. Red Hotel Marrakech,https://www.tripadvisor.com/Hotel_Review-g293734-d2486142-Reviews-Red_Hotel_Marrakech-Marrakech_Marrakech_Safi.html
57,"      54. Radisson Blu Hotel, Marrakech Carre Eden",https://www.tripadvisor.com/Hotel_Review-g293734-d8145584-Reviews-Radisson_Blu_Hotel_Marrakech_Carre_Eden-Marrakech_Marrakech_Safi.html
58,      55. Le Relais de Marrakech,https://www.tripadvisor.com/Hotel_Review-g293734-d1739027-Reviews-Le_Relais_de_Marrakech-Marrakech_Marrakech_Safi.html
59,      56. Palais Namaskar,https://www.tripadvisor.com/Hotel_Review-g293734-d2555796-Reviews-Palais_Namaskar-Marrakech_Marrakech_Safi.html
60,      57. Wazo Hotel,https://www.tripadvisor.com/Hotel_Review-g293734-d10595190-Reviews-Wazo_Hotel-Marrakech_Marrakech_Safi.html
61,      58. Demeures d'Orient Riad & Spa Marrakech,https://www.tripadvisor.com/Hotel_Review-g293734-d1022723-Reviews-Demeures_d_Orient_Riad_Spa_Marrakech-Marrakech_Marrakech_Safi.html
62,      59. Riad les Oliviers & SPA,https://www.tripadvisor.com/Hotel_Review-g293734-d595346-Reviews-Riad_les_Oliviers_SPA-Marrakech_Marrakech_Safi.html
63,      60. Moroccan House Hotel,https://www.tripadvisor.com/Hotel_Review-g293734-d595348-Reviews-Moroccan_House_Hotel-Marrakech_Marrakech_Safi.html
64,      61. Riad Dar Najat,https://www.tripadvisor.com/Hotel_Review-g293734-d647710-Reviews-Riad_Dar_Najat-Marrakech_Marrakech_Safi.html
65,      62. Riad Bayti Marrakech,https://www.tripadvisor.com/Hotel_Review-g293734-d626486-Reviews-Riad_Bayti_Marrakech-Marrakech_Marrakech_Safi.html
66,      63. Riad Les Trois Mages,https://www.tripadvisor.com/Hotel_Review-g293734-d644973-Reviews-Riad_Les_Trois_Mages-Marrakech_Marrakech_Safi.html
67,      64. Riad Elegancia,https://www.tripadvisor.com/Hotel_Review-g293734-d15327536-Reviews-Riad_Elegancia-Marrakech_Marrakech_Safi.html
68,      65. Riad & Spa Esprit du Maroc,https://www.tripadvisor.com/Hotel_Review-g293734-d1015299-Reviews-Riad_Spa_Esprit_du_Maroc-Marrakech_Marrakech_Safi.html
69,      66. Rodamon Riad Marrakech Hostel,https://www.tripadvisor.com/Hotel_Review-g293734-d12641938-Reviews-Rodamon_Riad_Marrakech_Hostel-Marrakech_Marrakech_Safi.html
70,      67. Hotel Du Golf Rotana,https://www.tripadvisor.com/Hotel_Review-g293734-d2170055-Reviews-Hotel_Du_Golf_Rotana-Marrakech_Marrakech_Safi.html
71,      68. TUI BLUE Medina Gardens,https://www.tripadvisor.com/Hotel_Review-g293734-d6621142-Reviews-TUI_BLUE_Medina_Gardens-Marrakech_Marrakech_Safi.html
72,      69. Palais Khum,https://www.tripadvisor.com/Hotel_Review-g293734-d5970938-Reviews-Palais_Khum-Marrakech_Marrakech_Safi.html
73,      70. Royal Mansour Marrakech,https://www.tripadvisor.com/Hotel_Review-g293734-d1676197-Reviews-Royal_Mansour_Marrakech-Marrakech_Marrakech_Safi.html
74,      71. Riad Infinity Sea,https://www.tripadvisor.com/Hotel_Review-g293734-d1672590-Reviews-Riad_Infinity_Sea-Marrakech_Marrakech_Safi.html
75,      72. Riad Mandalay,https://www.tripadvisor.com/Hotel_Review-g293734-d651165-Reviews-Riad_Mandalay-Marrakech_Marrakech_Safi.html
76,      73. Riad Kniza,https://www.tripadvisor.com/Hotel_Review-g293734-d482810-Reviews-Riad_Kniza-Marrakech_Marrakech_Safi.html
77,      74. Riad le Coq Berbere,https://www.tripadvisor.com/Hotel_Review-g293734-d1556718-Reviews-Riad_le_Coq_Berbere-Marrakech_Marrakech_Safi.html
78,      75. 2Ciels Luxury Boutique Hotel & Spa,https://www.tripadvisor.com/Hotel_Review-g293734-d10171259-Reviews-2Ciels_Luxury_Boutique_Hotel_Spa-Marrakech_Marrakech_Safi.html
79,      76. Palais Sebban,https://www.tripadvisor.com/Hotel_Review-g293734-d624044-Reviews-Palais_Sebban-Marrakech_Marrakech_Safi.html
80,      77. Ibis Marrakech Centre Gare,https://www.tripadvisor.com/Hotel_Review-g293734-d299643-Reviews-Ibis_Marrakech_Centre_Gare-Marrakech_Marrakech_Safi.html
81,      78. Riad Jona,https://www.tripadvisor.com/Hotel_Review-g293734-d649493-Reviews-Riad_Jona-Marrakech_Marrakech_Safi.html
82,      79. Mogador Hotels & Resorts,https://www.tripadvisor.com/Hotel_Review-g293734-d634789-Reviews-Mogador_Hotels_Resorts-Marrakech_Marrakech_Safi.html
83,      80. Riad Touda,https://www.tripadvisor.com/Hotel_Review-g293734-d19507746-Reviews-Riad_Touda-Marrakech_Marrakech_Safi.html
84,      81. Riad de la Belle Epoque,https://www.tripadvisor.com/Hotel_Review-g293734-d1942428-Reviews-Riad_de_la_Belle_Epoque-Marrakech_Marrakech_Safi.html
85,      82. ibis Marrakech Palmeraie Hotel,https://www.tripadvisor.com/Hotel_Review-g293734-d627810-Reviews-Ibis_Marrakech_Palmeraie_Hotel-Marrakech_Marrakech_Safi.html
86,      83. Hotel Almas,https://www.tripadvisor.com/Hotel_Review-g293734-d2138932-Reviews-Hotel_Almas-Marrakech_Marrakech_Safi.html
87,      84. L’Oliveraie de l’Atlas,https://www.tripadvisor.com/Hotel_Review-g293734-d15610658-Reviews-L_Oliveraie_de_l_Atlas-Marrakech_Marrakech_Safi.html
88,      85. Kech Boutique Hotel & Spa,https://www.tripadvisor.com/Hotel_Review-g293734-d5303013-Reviews-Kech_Boutique_Hotel_Spa-Marrakech_Marrakech_Safi.html
89,      86. Hotel Le Caspien,https://www.tripadvisor.com/Hotel_Review-g293734-d584783-Reviews-Hotel_Le_Caspien-Marrakech_Marrakech_Safi.html
90,      87. Dar Chadia,https://www.tripadvisor.com/Hotel_Review-g293734-d1949063-Reviews-Dar_Chadia-Marrakech_Marrakech_Safi.html
91,      88. Le Vizir Center Park & Resort,https://www.tripadvisor.com/Hotel_Review-g293734-d5532781-Reviews-Le_Vizir_Center_Park_Resort-Marrakech_Marrakech_Safi.html
92,      89. The Pearl Marrakech,https://www.tripadvisor.com/Hotel_Review-g293734-d3360305-Reviews-The_Pearl_Marrakech-Marrakech_Marrakech_Safi.html
93,      90. Tempoo Hotel,https://www.tripadvisor.com/Hotel_Review-g293734-d7067904-Reviews-Tempoo_Hotel-Marrakech_Marrakech_Safi.html
94,      91. 72 Riad Living,https://www.tripadvisor.com/Hotel_Review-g293734-d525779-Reviews-72_Riad_Living-Marrakech_Marrakech_Safi.html
95,"      92. Mandarin Oriental, Marrakech",https://www.tripadvisor.com/Hotel_Review-g293734-d8562183-Reviews-Mandarin_Oriental_Marrakech-Marrakech_Marrakech_Safi.html
96,      93. Oasis Lodges,https://www.tripadvisor.com/Hotel_Review-g293734-d17769191-Reviews-Oasis_Lodges-Marrakech_Marrakech_Safi.html
97,      94. Riad El Zohar,https://www.tripadvisor.com/Hotel_Review-g293734-d585350-Reviews-Riad_El_Zohar-Marrakech_Marrakech_Safi.html
98,      95. Selman Marrakech,https://www.tripadvisor.com/Hotel_Review-g293734-d2557585-Reviews-Selman_Marrakech-Marrakech_Marrakech_Safi.html
99,      96. Riad Mazaya,https://www.tripadvisor.com/Hotel_Review-g293734-d2104094-Reviews-Riad_Mazaya-Marrakech_Marrakech_Safi.html
100,      97. Les Borjs de la Kasbah,https://www.tripadvisor.com/Hotel_Review-g293734-d634355-Reviews-Les_Borjs_de_la_Kasbah-Marrakech_Marrakech_Safi.html
101,      98. Les Deux Tours,https://www.tripadvisor.com/Hotel_Review-g293734-d309046-Reviews-Les_Deux_Tours-Marrakech_Marrakech_Safi.html
102,      99. Riad Adore,https://www.tripadvisor.com/Hotel_Review-g293734-d1593885-Reviews-Riad_Adore-Marrakech_Marrakech_Safi.html
103,      100. Sirayane Boutique Hotel & Spa,https://www.tripadvisor.com/Hotel_Review-g293734-d1784721-Reviews-Sirayane_Boutique_Hotel_Spa-Marrakech_Marrakech_Safi.html
104,      101. Hotel Racine,https://www.tripadvisor.com/Hotel_Review-g293734-d10351177-Reviews-Hotel_Racine-Marrakech_Marrakech_Safi.html
105,      102. Riad Smara,https://www.tripadvisor.com/Hotel_Review-g293734-d1699767-Reviews-Riad_Smara-Marrakech_Marrakech_Safi.html
106,      103. Riad Reves d'Orient,https://www.tripadvisor.com/Hotel_Review-g293734-d1557836-Reviews-Riad_Reves_d_Orient-Marrakech_Marrakech_Safi.html
107,      104. Hivernage Secret Suites & Garden,https://www.tripadvisor.com/Hotel_Review-g293734-d6872610-Reviews-Hivernage_Secret_Suites_Garden-Marrakech_Marrakech_Safi.html
108,      105. Hivernage Hotel and Spa,https://www.tripadvisor.com/Hotel_Review-g293734-d557090-Reviews-Hivernage_Hotel_and_Spa-Marrakech_Marrakech_Safi.html
109,      106. Riad Africa and Spa,https://www.tripadvisor.com/Hotel_Review-g293734-d2341980-Reviews-Riad_Africa_and_Spa-Marrakech_Marrakech_Safi.html
110,      107. Riad Les Trois Palmiers El Bacha,https://www.tripadvisor.com/Hotel_Review-g293734-d640939-Reviews-Riad_Les_Trois_Palmiers_El_Bacha-Marrakech_Marrakech_Safi.html
111,      108. Riad les Orangers d'Alilia Marrakech,https://www.tripadvisor.com/Hotel_Review-g293734-d1566640-Reviews-Riad_les_Orangers_d_Alilia_Marrakech-Marrakech_Marrakech_Safi.html
112,      109. Riad Alboraq,https://www.tripadvisor.com/Hotel_Review-g293734-d1450200-Reviews-Riad_Alboraq-Marrakech_Marrakech_Safi.html
113,      110. Riad Fleur D' Orient,https://www.tripadvisor.com/Hotel_Review-g293734-d2418398-Reviews-Riad_Fleur_D_Orient-Marrakech_Marrakech_Safi.html
114,      111. Le Riad Monceau,https://www.tripadvisor.com/Hotel_Review-g293734-d649304-Reviews-Le_Riad_Monceau-Marrakech_Marrakech_Safi.html
115,      112. Hotel Riad Marraplace,https://www.tripadvisor.com/Hotel_Review-g293734-d3826353-Reviews-Hotel_Riad_Marraplace-Marrakech_Marrakech_Safi.html
116,      113. Riad Maison Arabo Andalouse,https://www.tripadvisor.com/Hotel_Review-g293734-d619037-Reviews-Riad_Maison_Arabo_Andalouse-Marrakech_Marrakech_Safi.html
117,      114. Dellarosa Hotel Suites & Spa,https://www.tripadvisor.com/Hotel_Review-g293734-d1176861-Reviews-Dellarosa_Hotel_Suites_Spa-Marrakech_Marrakech_Safi.html
118,      115. Riad Catalina,https://www.tripadvisor.com/Hotel_Review-g293734-d590235-Reviews-Riad_Catalina-Marrakech_Marrakech_Safi.html
119,      116. Palais de l'O,https://www.tripadvisor.com/Hotel_Review-g293734-d3451887-Reviews-Palais_de_l_O-Marrakech_Marrakech_Safi.html
120,      117. Riad Marhbabikoum,https://www.tripadvisor.com/Hotel_Review-g293734-d1028220-Reviews-Riad_Marhbabikoum-Marrakech_Marrakech_Safi.html
121,      118. Hotel Cecil,https://www.tripadvisor.com/Hotel_Review-g293734-d1903188-Reviews-Hotel_Cecil-Marrakech_Marrakech_Safi.html
122,      119. Dar Housnia,https://www.tripadvisor.com/Hotel_Review-g293734-d1372908-Reviews-Dar_Housnia-Marrakech_Marrakech_Safi.html
123,      120. Riad Palais Des Princesses,https://www.tripadvisor.com/Hotel_Review-g293734-d1687317-Reviews-Riad_Palais_Des_Princesses-Marrakech_Marrakech_Safi.html
124,      121. Riad Miral,https://www.tripadvisor.com/Hotel_Review-g293734-d13955843-Reviews-Riad_Miral-Marrakech_Marrakech_Safi.html
125,      122. Manzil La Tortue,https://www.tripadvisor.com/Hotel_Review-g293734-d1580310-Reviews-Manzil_La_Tortue-Marrakech_Marrakech_Safi.html
126,      123. Tigmiza Boutique Hotel & Spa,https://www.tripadvisor.com/Hotel_Review-g293734-d2526451-Reviews-Tigmiza_Boutique_Hotel_Spa-Marrakech_Marrakech_Safi.html
127,      124. Riad Al Badia,https://www.tripadvisor.com/Hotel_Review-g293734-d1902897-Reviews-Riad_Al_Badia-Marrakech_Marrakech_Safi.html
128,      125. Riad Safina,https://www.tripadvisor.com/Hotel_Review-g293734-d12671037-Reviews-Riad_Safina-Marrakech_Marrakech_Safi.html
129,      126. Dar Les Cigognes By Sanssouci Collection,https://www.tripadvisor.com/Hotel_Review-g293734-d506664-Reviews-Dar_Les_Cigognes_By_Sanssouci_Collection-Marrakech_Marrakech_Safi.html
130,      127. Riad Tizwa,https://www.tripadvisor.com/Hotel_Review-g293734-d642600-Reviews-Riad_Tizwa-Marrakech_Marrakech_Safi.html
131,      128. Dar Assiya,https://www.tripadvisor.com/Hotel_Review-g293734-d8805364-Reviews-Dar_Assiya-Marrakech_Marrakech_Safi.html
132,      129. Art Place Hotel & Ryad,https://www.tripadvisor.com/Hotel_Review-g293734-d7778950-Reviews-Art_Place_Hotel_Ryad-Marrakech_Marrakech_Safi.html
133,      130. Le Farnatchi,https://www.tripadvisor.com/Hotel_Review-g293734-d482531-Reviews-Le_Farnatchi-Marrakech_Marrakech_Safi.html
134,      131. La Villa Jardins D'Isa,https://www.tripadvisor.com/Hotel_Review-g11750917-d11668071-Reviews-La_Villa_Jardins_D_Isa-Tassoultante_Marrakech_Marrakech_Safi.html
135,      132. Riad La Villa Marrakech,https://www.tripadvisor.com/Hotel_Review-g293734-d2073633-Reviews-Riad_La_Villa_Marrakech-Marrakech_Marrakech_Safi.html
136,      133. Riad Haraka,https://www.tripadvisor.com/Hotel_Review-g293734-d8784909-Reviews-Riad_Haraka-Marrakech_Marrakech_Safi.html
137,      134. Riad Zineb,https://www.tripadvisor.com/Hotel_Review-g293734-d1577023-Reviews-Riad_Zineb-Marrakech_Marrakech_Safi.html
138,      135. Riad Romance,https://www.tripadvisor.com/Hotel_Review-g293734-d7742017-Reviews-Riad_Romance-Marrakech_Marrakech_Safi.html
139,      136. Riad Al Rimal,https://www.tripadvisor.com/Hotel_Review-g293734-d1140436-Reviews-Riad_Al_Rimal-Marrakech_Marrakech_Safi.html
140,      137. Riad Nashira & Spa,https://www.tripadvisor.com/Hotel_Review-g293734-d3139952-Reviews-Riad_Nashira_Spa-Marrakech_Marrakech_Safi.html
141,      138. Riad Sidi Omar,https://www.tripadvisor.com/Hotel_Review-g293734-d1413714-Reviews-Riad_Sidi_Omar-Marrakech_Marrakech_Safi.html
142,      139. Amani Hotel,https://www.tripadvisor.com/Hotel_Review-g293734-d581934-Reviews-Amani_Hotel-Marrakech_Marrakech_Safi.html
143,      140. Palm Plaza Marrakech Hotel & Spa,https://www.tripadvisor.com/Hotel_Review-g293734-d1228835-Reviews-Palm_Plaza_Marrakech_Hotel_Spa-Marrakech_Marrakech_Safi.html
144,      141. Hotel & Ryads Barriere Le Naoura Marrakech,https://www.tripadvisor.com/Hotel_Review-g293734-d1194795-Reviews-Hotel_Ryads_Barriere_Le_Naoura_Marrakech-Marrakech_Marrakech_Safi.html
145,      142. Riad Nayanour,https://www.tripadvisor.com/Hotel_Review-g293734-d19949197-Reviews-Riad_Nayanour-Marrakech_Marrakech_Safi.html
146,      143. Lodge K Hotel & Spa,https://www.tripadvisor.com/Hotel_Review-g293734-d1199147-Reviews-Lodge_K_Hotel_Spa-Marrakech_Marrakech_Safi.html
147,      144. Riad de Vinci,https://www.tripadvisor.com/Hotel_Review-g293734-d1169934-Reviews-Riad_de_Vinci-Marrakech_Marrakech_Safi.html
148,      145. Riad Zara,https://www.tripadvisor.com/Hotel_Review-g293734-d633225-Reviews-Riad_Zara-Marrakech_Marrakech_Safi.html
149,      146. Hotel Aday,https://www.tripadvisor.com/Hotel_Review-g293734-d2092359-Reviews-Hotel_Aday-Marrakech_Marrakech_Safi.html
150,      147. Les Trois Palmiers,https://www.tripadvisor.com/Hotel_Review-g293734-d1931422-Reviews-Les_Trois_Palmiers-Marrakech_Marrakech_Safi.html
151,      148. Riad Zayane Atlas,https://www.tripadvisor.com/Hotel_Review-g293734-d1523345-Reviews-Riad_Zayane_Atlas-Marrakech_Marrakech_Safi.html
152,      149. Riad Dar Darma,https://www.tripadvisor.com/Hotel_Review-g293734-d650729-Reviews-Riad_Dar_Darma-Marrakech_Marrakech_Safi.html
153,      150. Hotel Imouzzer,https://www.tripadvisor.com/Hotel_Review-g293734-d1097795-Reviews-Hotel_Imouzzer-Marrakech_Marrakech_Safi.html
154,      151. Angsana Riads Collection Morocco,https://www.tripadvisor.com/Hotel_Review-g293734-d628885-Reviews-Angsana_Riads_Collection_Morocco-Marrakech_Marrakech_Safi.html
155,      152. Riad Azoulay,https://www.tripadvisor.com/Hotel_Review-g293734-d1452009-Reviews-Riad_Azoulay-Marrakech_Marrakech_Safi.html
156,      153. Riad Dar Tiflet,https://www.tripadvisor.com/Hotel_Review-g293734-d2092370-Reviews-Riad_Dar_Tiflet-Marrakech_Marrakech_Safi.html
157,      154. Villa des Orangers - Hotel,https://www.tripadvisor.com/Hotel_Review-g293734-d304183-Reviews-Villa_des_Orangers_Hotel-Marrakech_Marrakech_Safi.html
158,      155. JADALI HOTEL & SPA,https://www.tripadvisor.com/Hotel_Review-g293734-d23700362-Reviews-JADALI_HOTEL_SPA-Marrakech_Marrakech_Safi.html
159,      156. Riad Hikaya,https://www.tripadvisor.com/Hotel_Review-g293734-d4893996-Reviews-Riad_Hikaya-Marrakech_Marrakech_Safi.html
160,      157. Riad Kheirredine,https://www.tripadvisor.com/Hotel_Review-g293734-d1873436-Reviews-Riad_Kheirredine-Marrakech_Marrakech_Safi.html
161,      158. Riad Assakina,https://www.tripadvisor.com/Hotel_Review-g293734-d1139796-Reviews-Riad_Assakina-Marrakech_Marrakech_Safi.html
162,"      159. Riad Camilia, the Riad and More",https://www.tripadvisor.com/Hotel_Review-g293734-d1214202-Reviews-Riad_Camilia_the_Riad_and_More-Marrakech_Marrakech_Safi.html
163,      160. Riad Fatouma,https://www.tripadvisor.com/Hotel_Review-g293734-d3632397-Reviews-Riad_Fatouma-Marrakech_Marrakech_Safi.html
164,      161. Kasbah Le Mirage,https://www.tripadvisor.com/Hotel_Review-g293734-d550992-Reviews-Kasbah_Le_Mirage-Marrakech_Marrakech_Safi.html
165,      162. Riad Ghali & Spa,https://www.tripadvisor.com/Hotel_Review-g293734-d4413754-Reviews-Riad_Ghali_Spa-Marrakech_Marrakech_Safi.html
166,      163. Riad ITRANE,https://www.tripadvisor.com/Hotel_Review-g293734-d1465574-Reviews-Riad_ITRANE-Marrakech_Marrakech_Safi.html
167,      164. Dar Imoughlad,https://www.tripadvisor.com/Hotel_Review-g293734-d19935218-Reviews-Dar_Imoughlad-Marrakech_Marrakech_Safi.html
168,      165. Riad Joya,https://www.tripadvisor.com/Hotel_Review-g293734-d1952409-Reviews-Riad_Joya-Marrakech_Marrakech_Safi.html
169,      166. Riad Mur Akush,https://www.tripadvisor.com/Hotel_Review-g293734-d942778-Reviews-Riad_Mur_Akush-Marrakech_Marrakech_Safi.html
170,      167. Riad Elizabeth,https://www.tripadvisor.com/Hotel_Review-g293734-d1113831-Reviews-Riad_Elizabeth-Marrakech_Marrakech_Safi.html
171,      168. Riad Al Mendili Kasbah,https://www.tripadvisor.com/Hotel_Review-g293734-d1175499-Reviews-Riad_Al_Mendili_Kasbah-Marrakech_Marrakech_Safi.html
172,      169. Les Residences Du Domaine,https://www.tripadvisor.com/Hotel_Review-g293734-d1447446-Reviews-Les_Residences_Du_Domaine-Marrakech_Marrakech_Safi.html
173,      170. Riad Tamarrakecht,https://www.tripadvisor.com/Hotel_Review-g293734-d2499362-Reviews-Riad_Tamarrakecht-Marrakech_Marrakech_Safi.html
174,      171. Terra Mia Marrakech,https://www.tripadvisor.com/Hotel_Review-g293734-d1205603-Reviews-Terra_Mia_Marrakech-Marrakech_Marrakech_Safi.html
175,      172. Hotel Gomassine,https://www.tripadvisor.com/Hotel_Review-g293734-d4975542-Reviews-Hotel_Gomassine-Marrakech_Marrakech_Safi.html
176,      173. Residence Dar Lamia,https://www.tripadvisor.com/Hotel_Review-g293734-d2192359-Reviews-Residence_Dar_Lamia-Marrakech_Marrakech_Safi.html
177,      174. Riad Jonan,https://www.tripadvisor.com/Hotel_Review-g293734-d585459-Reviews-Riad_Jonan-Marrakech_Marrakech_Safi.html
178,      175. Riad Lorsya,https://www.tripadvisor.com/Hotel_Review-g293734-d1217361-Reviews-Riad_Lorsya-Marrakech_Marrakech_Safi.html
179,      176. Ryad Qodwa,https://www.tripadvisor.com/Hotel_Review-g293734-d1929297-Reviews-Ryad_Qodwa-Marrakech_Marrakech_Safi.html
180,      177. Hotel Islane,https://www.tripadvisor.com/Hotel_Review-g293734-d603958-Reviews-Hotel_Islane-Marrakech_Marrakech_Safi.html
181,      178. Riad azalia,https://www.tripadvisor.com/Hotel_Review-g293734-d1628388-Reviews-Riad_azalia-Marrakech_Marrakech_Safi.html
182,      179. Mogador KASBAH - Hotel Spa,https://www.tripadvisor.com/Hotel_Review-g293734-d1065792-Reviews-Mogador_KASBAH_Hotel_Spa-Marrakech_Marrakech_Safi.html
183,      180. Riad Syba,https://www.tripadvisor.com/Hotel_Review-g293734-d6378212-Reviews-Riad_Syba-Marrakech_Marrakech_Safi.html
184,      181. Riad le Clos des Arts,https://www.tripadvisor.com/Hotel_Review-g293734-d637779-Reviews-Riad_le_Clos_des_Arts-Marrakech_Marrakech_Safi.html
185,      182. Riad Alili,https://www.tripadvisor.com/Hotel_Review-g293734-d2492218-Reviews-Riad_Alili-Marrakech_Marrakech_Safi.html
186,      183. Riad Idra,https://www.tripadvisor.com/Hotel_Review-g293734-d1059818-Reviews-Riad_Idra-Marrakech_Marrakech_Safi.html
187,      184. Dar Ayniwen Hotel,https://www.tripadvisor.com/Hotel_Review-g293734-d518583-Reviews-Dar_Ayniwen_Hotel-Marrakech_Marrakech_Safi.html
188,      185. Al Fassia Aguedal,https://www.tripadvisor.com/Hotel_Review-g293734-d1165263-Reviews-Al_Fassia_Aguedal-Marrakech_Marrakech_Safi.html
189,      186. Bab Hotel,https://www.tripadvisor.com/Hotel_Review-g293734-d1480453-Reviews-Bab_Hotel-Marrakech_Marrakech_Safi.html
190,      187. Ryad Dyor,https://www.tripadvisor.com/Hotel_Review-g293734-d612553-Reviews-Ryad_Dyor-Marrakech_Marrakech_Safi.html
191,      188. Riad Bel Haj,https://www.tripadvisor.com/Hotel_Review-g293734-d1025966-Reviews-Riad_Bel_Haj-Marrakech_Marrakech_Safi.html
192,      189. Riad Tchaikana,https://www.tripadvisor.com/Hotel_Review-g293734-d519826-Reviews-Riad_Tchaikana-Marrakech_Marrakech_Safi.html
193,      190. Palais Riad Lamrani,https://www.tripadvisor.com/Hotel_Review-g293734-d7046818-Reviews-Palais_Riad_Lamrani-Marrakech_Marrakech_Safi.html
194,      191. Riad 58 Blu,https://www.tripadvisor.com/Hotel_Review-g293734-d1063269-Reviews-Riad_58_Blu-Marrakech_Marrakech_Safi.html
195,      192. Albakech House,https://www.tripadvisor.com/Hotel_Review-g293734-d2408688-Reviews-Albakech_House-Marrakech_Marrakech_Safi.html
196,      193. Riad Dar Zaya,https://www.tripadvisor.com/Hotel_Review-g293734-d657605-Reviews-Riad_Dar_Zaya-Marrakech_Marrakech_Safi.html
197,      194. Riad Kerdouss,https://www.tripadvisor.com/Hotel_Review-g293734-d1409050-Reviews-Riad_Kerdouss-Marrakech_Marrakech_Safi.html
198,      195. Adam Park Marrakech Hotel & Spa,https://www.tripadvisor.com/Hotel_Review-g293734-d1913896-Reviews-Adam_Park_Marrakech_Hotel_Spa-Marrakech_Marrakech_Safi.html
199,      196. Villa Dinari,https://www.tripadvisor.com/Hotel_Review-g293734-d660425-Reviews-Villa_Dinari-Marrakech_Marrakech_Safi.html
200,      197. El Miria Palais Riad,https://www.tripadvisor.com/Hotel_Review-g293734-d1167175-Reviews-El_Miria_Palais_Riad-Marrakech_Marrakech_Safi.html
201,      198. Riad & Spa Al Jazira,https://www.tripadvisor.com/Hotel_Review-g293734-d665547-Reviews-Riad_Spa_Al_Jazira-Marrakech_Marrakech_Safi.html
202,      199. Riad & Spa Mabrouk,https://www.tripadvisor.com/Hotel_Review-g293734-d1638490-Reviews-Riad_Spa_Mabrouk-Marrakech_Marrakech_Safi.html
203,      200. Riad El Borj,https://www.tripadvisor.com/Hotel_Review-g293734-d530988-Reviews-Riad_El_Borj-Marrakech_Marrakech_Safi.html
204,      201. Jnan Lotf,https://www.tripadvisor.com/Hotel_Review-g293734-d1226550-Reviews-Jnan_Lotf-Marrakech_Marrakech_Safi.html
205,      202. Riad Ajmal,https://www.tripadvisor.com/Hotel_Review-g293734-d1073896-Reviews-Riad_Ajmal-Marrakech_Marrakech_Safi.html
206,      203. Equity Point Marrakech Hostel,https://www.tripadvisor.com/Hotel_Review-g293734-d566337-Reviews-Equity_Point_Marrakech_Hostel-Marrakech_Marrakech_Safi.html
207,      204. Dar Charkia,https://www.tripadvisor.com/Hotel_Review-g293734-d631213-Reviews-Dar_Charkia-Marrakech_Marrakech_Safi.html
208,      205. Riad Ennafoura boutique hotel,https://www.tripadvisor.com/Hotel_Review-g293734-d1070806-Reviews-Riad_Ennafoura_boutique_hotel-Marrakech_Marrakech_Safi.html
209,      206. Riad Dar Saad - Hammam & Spa,https://www.tripadvisor.com/Hotel_Review-g293734-d1125111-Reviews-Riad_Dar_Saad_Hammam_Spa-Marrakech_Marrakech_Safi.html
210,      207. Riad Carllian,https://www.tripadvisor.com/Hotel_Review-g293734-d1213532-Reviews-Riad_Carllian-Marrakech_Marrakech_Safi.html
211,      208. Riad la Croix Berbere,https://www.tripadvisor.com/Hotel_Review-g293734-d1553386-Reviews-Riad_la_Croix_Berbere-Marrakech_Marrakech_Safi.html
212,      209. Kasbah Red Castle Hostel,https://www.tripadvisor.com/Hotel_Review-g293734-d12418418-Reviews-Kasbah_Red_Castle_Hostel-Marrakech_Marrakech_Safi.html
213,      210. Riad Azzar,https://www.tripadvisor.com/Hotel_Review-g293734-d589586-Reviews-Riad_Azzar-Marrakech_Marrakech_Safi.html
214,      211. The Red House,https://www.tripadvisor.com/Hotel_Review-g293734-d530989-Reviews-The_Red_House-Marrakech_Marrakech_Safi.html
215,      212. Riad Al Massarah,https://www.tripadvisor.com/Hotel_Review-g293734-d632705-Reviews-Riad_Al_Massarah-Marrakech_Marrakech_Safi.html
216,      213. Riad Argan,https://www.tripadvisor.com/Hotel_Review-g293734-d1466520-Reviews-Riad_Argan-Marrakech_Marrakech_Safi.html
217,      214. Palais Amador,https://www.tripadvisor.com/Hotel_Review-g293734-d5987942-Reviews-Palais_Amador-Marrakech_Marrakech_Safi.html
218,      215. Murano Resort Marrakech,https://www.tripadvisor.com/Hotel_Review-g293734-d648645-Reviews-Murano_Resort_Marrakech-Marrakech_Marrakech_Safi.html
219,      216. Dar Mo'da,https://www.tripadvisor.com/Hotel_Review-g293734-d1515421-Reviews-Dar_Mo_da-Marrakech_Marrakech_Safi.html
220,      217. Riad Cocoon,https://www.tripadvisor.com/Hotel_Review-g293734-d1743857-Reviews-Riad_Cocoon-Marrakech_Marrakech_Safi.html
221,      218. Zamzam Riad,https://www.tripadvisor.com/Hotel_Review-g293734-d1193710-Reviews-Zamzam_Riad-Marrakech_Marrakech_Safi.html
222,      219. MonRiad,https://www.tripadvisor.com/Hotel_Review-g293734-d1788369-Reviews-MonRiad-Marrakech_Marrakech_Safi.html
223,      220. Riad Habib,https://www.tripadvisor.com/Hotel_Review-g293734-d1054044-Reviews-Riad_Habib-Marrakech_Marrakech_Safi.html
224,      221. Riad Hotel Essaouira,https://www.tripadvisor.com/Hotel_Review-g293734-d309040-Reviews-Riad_Hotel_Essaouira-Marrakech_Marrakech_Safi.html
225,      222. Riad Lena & SPA,https://www.tripadvisor.com/Hotel_Review-g293734-d582269-Reviews-Riad_Lena_SPA-Marrakech_Marrakech_Safi.html
226,      223. Palais Dar Ouladna,https://www.tripadvisor.com/Hotel_Review-g293734-d646214-Reviews-Palais_Dar_Ouladna-Marrakech_Marrakech_Safi.html
227,      224. Dar Seven,https://www.tripadvisor.com/Hotel_Review-g293734-d1052142-Reviews-Dar_Seven-Marrakech_Marrakech_Safi.html
228,      225. Riad Anya & SPA,https://www.tripadvisor.com/Hotel_Review-g293734-d1070133-Reviews-Riad_Anya_SPA-Marrakech_Marrakech_Safi.html
229,      226. Riad Amin,https://www.tripadvisor.com/Hotel_Review-g293734-d653887-Reviews-Riad_Amin-Marrakech_Marrakech_Safi.html
230,      227. Riad Dar Karma,https://www.tripadvisor.com/Hotel_Review-g293734-d585420-Reviews-Riad_Dar_Karma-Marrakech_Marrakech_Safi.html
231,      228. Riad les Hibiscus,https://www.tripadvisor.com/Hotel_Review-g293734-d1049849-Reviews-Riad_les_Hibiscus-Marrakech_Marrakech_Safi.html
232,      229. Les Jardins d'Issil,https://www.tripadvisor.com/Hotel_Review-g293734-d618960-Reviews-Les_Jardins_d_Issil-Marrakech_Marrakech_Safi.html
233,      230. Riad Antara,https://www.tripadvisor.com/Hotel_Review-g293734-d13388481-Reviews-Riad_Antara-Marrakech_Marrakech_Safi.html
234,      231. Riad Miski,https://www.tripadvisor.com/Hotel_Review-g293734-d897178-Reviews-Riad_Miski-Marrakech_Marrakech_Safi.html
235,      232. Riad Mehdia,https://www.tripadvisor.com/Hotel_Review-g293734-d1437287-Reviews-Riad_Mehdia-Marrakech_Marrakech_Safi.html
236,      233. Riad Nerja,https://www.tripadvisor.com/Hotel_Review-g293734-d654486-Reviews-Riad_Nerja-Marrakech_Marrakech_Safi.html
237,      234. Les Jardins Mandaline,https://www.tripadvisor.com/Hotel_Review-g293734-d945000-Reviews-Les_Jardins_Mandaline-Marrakech_Marrakech_Safi.html
238,      235. Riad Dar Ikalimo,https://www.tripadvisor.com/Hotel_Review-g293734-d3172527-Reviews-Riad_Dar_Ikalimo-Marrakech_Marrakech_Safi.html
239,      236. Villa Tata Marie,https://www.tripadvisor.com/Hotel_Review-g293734-d1074598-Reviews-Villa_Tata_Marie-Marrakech_Marrakech_Safi.html
240,      237. Riad Lalla Aicha Hotel & Spa,https://www.tripadvisor.com/Hotel_Review-g293734-d6352094-Reviews-Riad_Lalla_Aicha_Hotel_Spa-Marrakech_Marrakech_Safi.html
241,      238. Riad Les Yeux Bleus,https://www.tripadvisor.com/Hotel_Review-g293734-d525832-Reviews-Riad_Les_Yeux_Bleus-Marrakech_Marrakech_Safi.html
242,      239. Riad Chafia,https://www.tripadvisor.com/Hotel_Review-g293734-d2571285-Reviews-Riad_Chafia-Marrakech_Marrakech_Safi.html
243,      240. Riad Marrakiss,https://www.tripadvisor.com/Hotel_Review-g293734-d1741554-Reviews-Riad_Marrakiss-Marrakech_Marrakech_Safi.html
244,      241. Dar el Souk,https://www.tripadvisor.com/Hotel_Review-g293734-d571491-Reviews-Dar_el_Souk-Marrakech_Marrakech_Safi.html
245,      242. Riad Caesar,https://www.tripadvisor.com/Hotel_Review-g293734-d1905823-Reviews-Riad_Caesar-Marrakech_Marrakech_Safi.html
246,      243. Riad Charme d'Orient,https://www.tripadvisor.com/Hotel_Review-g293734-d2286991-Reviews-Riad_Charme_d_Orient-Marrakech_Marrakech_Safi.html
247,"      244. Riad M'Boja ""Chez Ali Baba""",https://www.tripadvisor.com/Hotel_Review-g293734-d2161230-Reviews-Riad_M_Boja_Chez_Ali_Baba-Marrakech_Marrakech_Safi.html
248,      245. Hotel & Spa Riad Dar Sara,https://www.tripadvisor.com/Hotel_Review-g293734-d1516654-Reviews-Hotel_Spa_Riad_Dar_Sara-Marrakech_Marrakech_Safi.html
249,      246. Riad Signature,https://www.tripadvisor.com/Hotel_Review-g293734-d6685817-Reviews-Riad_Signature-Marrakech_Marrakech_Safi.html
250,      247. Dar Rhizlane,https://www.tripadvisor.com/Hotel_Review-g293734-d519415-Reviews-Dar_Rhizlane-Marrakech_Marrakech_Safi.html
251,      248. Riad Saba,https://www.tripadvisor.com/Hotel_Review-g293734-d651389-Reviews-Riad_Saba-Marrakech_Marrakech_Safi.html
252,      249. Riad Amina,https://www.tripadvisor.com/Hotel_Review-g293734-d638039-Reviews-Riad_Amina-Marrakech_Marrakech_Safi.html
253,      250. Riad Omri,https://www.tripadvisor.com/Hotel_Review-g293734-d8260514-Reviews-Riad_Omri-Marrakech_Marrakech_Safi.html
254,      251. Riyad El Cadi,https://www.tripadvisor.com/Hotel_Review-g293734-d479343-Reviews-Riyad_El_Cadi-Marrakech_Marrakech_Safi.html
255,      252. Eden Lodges,https://www.tripadvisor.com/Hotel_Review-g293734-d8329031-Reviews-Eden_Lodges-Marrakech_Marrakech_Safi.html
256,      253. Riad Aymane,https://www.tripadvisor.com/Hotel_Review-g293734-d11881060-Reviews-Riad_Aymane-Marrakech_Marrakech_Safi.html
257,      254. Riad Dar Sohane,https://www.tripadvisor.com/Hotel_Review-g293734-d1720195-Reviews-Riad_Dar_Sohane-Marrakech_Marrakech_Safi.html
258,      255. Riad Sable Chaud,https://www.tripadvisor.com/Hotel_Review-g293734-d649355-Reviews-Riad_Sable_Chaud-Marrakech_Marrakech_Safi.html
259,      256. Ryad Amiran & Spa,https://www.tripadvisor.com/Hotel_Review-g293734-d2010360-Reviews-Ryad_Amiran_Spa-Marrakech_Marrakech_Safi.html
260,      257. Cesar Resort & Spa,https://www.tripadvisor.com/Hotel_Review-g293734-d2400327-Reviews-Cesar_Resort_Spa-Marrakech_Marrakech_Safi.html
261,      258. Riad Noos Noos,https://www.tripadvisor.com/Hotel_Review-g293734-d2186429-Reviews-Riad_Noos_Noos-Marrakech_Marrakech_Safi.html
262,      259. Riad Villa Sidi Baba,https://www.tripadvisor.com/Hotel_Review-g293734-d19708039-Reviews-Riad_Villa_Sidi_Baba-Marrakech_Marrakech_Safi.html
263,      260. Riad Sun of Kech,https://www.tripadvisor.com/Hotel_Review-g293734-d10243130-Reviews-Riad_Sun_of_Kech-Marrakech_Marrakech_Safi.html
264,      261. Riad Mirage,https://www.tripadvisor.com/Hotel_Review-g293734-d2507306-Reviews-Riad_Mirage-Marrakech_Marrakech_Safi.html
265,      262. Hotel El Kennaria,https://www.tripadvisor.com/Hotel_Review-g293734-d2058990-Reviews-Hotel_El_Kennaria-Marrakech_Marrakech_Safi.html
266,      263. Dar Soukaina,https://www.tripadvisor.com/Hotel_Review-g293734-d519432-Reviews-Dar_Soukaina-Marrakech_Marrakech_Safi.html
267,      264. Riad Malika,https://www.tripadvisor.com/Hotel_Review-g293734-d309056-Reviews-Riad_Malika-Marrakech_Marrakech_Safi.html
268,      265. Riad Manissa,https://www.tripadvisor.com/Hotel_Review-g293734-d6465376-Reviews-Riad_Manissa-Marrakech_Marrakech_Safi.html
269,      266. Dar 73,https://www.tripadvisor.com/Hotel_Review-g293734-d3416086-Reviews-Dar_73-Marrakech_Marrakech_Safi.html
270,      267. Al Ksar Riad & Spa,https://www.tripadvisor.com/Hotel_Review-g293734-d1567724-Reviews-Al_Ksar_Riad_Spa-Marrakech_Marrakech_Safi.html
271,      268. Riad Laora,https://www.tripadvisor.com/Hotel_Review-g293734-d571481-Reviews-Riad_Laora-Marrakech_Marrakech_Safi.html
272,      269. Riad Clefs d'Orient,https://www.tripadvisor.com/Hotel_Review-g293734-d7804035-Reviews-Riad_Clefs_d_Orient-Marrakech_Marrakech_Safi.html
273,      270. Riad Zen House,https://www.tripadvisor.com/Hotel_Review-g293734-d1725835-Reviews-Riad_Zen_House-Marrakech_Marrakech_Safi.html
274,      271. Riad Abaca Badra,https://www.tripadvisor.com/Hotel_Review-g293734-d3543775-Reviews-Riad_Abaca_Badra-Marrakech_Marrakech_Safi.html
275,      272. Riad Dar One,https://www.tripadvisor.com/Hotel_Review-g293734-d645881-Reviews-Riad_Dar_One-Marrakech_Marrakech_Safi.html
276,      273. Ksar Char-Bagh Small Luxury hotel,https://www.tripadvisor.com/Hotel_Review-g293734-d503098-Reviews-Ksar_Char_Bagh_Small_Luxury_hotel-Marrakech_Marrakech_Safi.html
277,      274. Riad Shanima & Spa,https://www.tripadvisor.com/Hotel_Review-g293734-d2468710-Reviews-Riad_Shanima_Spa-Marrakech_Marrakech_Safi.html
278,      275. Riad Carina,https://www.tripadvisor.com/Hotel_Review-g293734-d653182-Reviews-Riad_Carina-Marrakech_Marrakech_Safi.html
279,      276. Riad lyla Marrakech,https://www.tripadvisor.com/Hotel_Review-g293734-d953650-Reviews-Riad_lyla_Marrakech-Marrakech_Marrakech_Safi.html
280,      277. Riad Yamina 52,https://www.tripadvisor.com/Hotel_Review-g293734-d3834543-Reviews-Riad_Yamina_52-Marrakech_Marrakech_Safi.html
281,      278. Ksar Anika,https://www.tripadvisor.com/Hotel_Review-g293734-d1718231-Reviews-Ksar_Anika-Marrakech_Marrakech_Safi.html
282,      279. Coco Canel Marrakech,https://www.tripadvisor.com/Hotel_Review-g293734-d4137917-Reviews-Coco_Canel_Marrakech-Marrakech_Marrakech_Safi.html
283,      280. Riad Lakhdar,https://www.tripadvisor.com/Hotel_Review-g293734-d1150622-Reviews-Riad_Lakhdar-Marrakech_Marrakech_Safi.html
284,      281. Riad Bindoo & SPA,https://www.tripadvisor.com/Hotel_Review-g293734-d7109362-Reviews-Riad_Bindoo_SPA-Marrakech_Marrakech_Safi.html
285,      282. Hotel Mirage d'Atlas,https://www.tripadvisor.com/Hotel_Review-g293734-d14450747-Reviews-Hotel_Mirage_d_Atlas-Marrakech_Marrakech_Safi.html
286,      283. Riad Dar Oulhoum,https://www.tripadvisor.com/Hotel_Review-g293734-d1829972-Reviews-Riad_Dar_Oulhoum-Marrakech_Marrakech_Safi.html
287,      284. Dar Rocmarra,https://www.tripadvisor.com/Hotel_Review-g293734-d1229372-Reviews-Dar_Rocmarra-Marrakech_Marrakech_Safi.html
288,      285. Riad Dar Yema,https://www.tripadvisor.com/Hotel_Review-g293734-d12108808-Reviews-Riad_Dar_Yema-Marrakech_Marrakech_Safi.html
289,      286. Domaine Rosaroum,https://www.tripadvisor.com/Hotel_Review-g293734-d1956579-Reviews-Domaine_Rosaroum-Marrakech_Marrakech_Safi.html
290,      287. Riad Dar Bounouar,https://www.tripadvisor.com/Hotel_Review-g293734-d646342-Reviews-Riad_Dar_Bounouar-Marrakech_Marrakech_Safi.html
291,      288. Riad Ambre et Epices,https://www.tripadvisor.com/Hotel_Review-g293734-d1464407-Reviews-Riad_Ambre_et_Epices-Marrakech_Marrakech_Safi.html
292,      289. Riad Tzarra,https://www.tripadvisor.com/Hotel_Review-g293734-d671279-Reviews-Riad_Tzarra-Marrakech_Marrakech_Safi.html
293,      290. RIad Al Loune,https://www.tripadvisor.com/Hotel_Review-g293734-d2313255-Reviews-RIad_Al_Loune-Marrakech_Marrakech_Safi.html
294,      291. Riad Armelle,https://www.tripadvisor.com/Hotel_Review-g293734-d967929-Reviews-Riad_Armelle-Marrakech_Marrakech_Safi.html
295,      292. Riad Anais Marrakech,https://www.tripadvisor.com/Hotel_Review-g293734-d1968587-Reviews-Riad_Anais_Marrakech-Marrakech_Marrakech_Safi.html
296,      293. Riad Abaka by ghali,https://www.tripadvisor.com/Hotel_Review-g293734-d655883-Reviews-Riad_Abaka_by_ghali-Marrakech_Marrakech_Safi.html
297,      294. Riad Dixneuf La Ksour,https://www.tripadvisor.com/Hotel_Review-g293734-d1090869-Reviews-Riad_Dixneuf_La_Ksour-Marrakech_Marrakech_Safi.html
298,      295. Riad Dar Mchicha,https://www.tripadvisor.com/Hotel_Review-g293734-d3161795-Reviews-Riad_Dar_Mchicha-Marrakech_Marrakech_Safi.html
299,      296. Les Jardins De Zyriab Resort & Spa,https://www.tripadvisor.com/Hotel_Review-g293734-d2350801-Reviews-Les_Jardins_De_Zyriab_Resort_Spa-Marrakech_Marrakech_Safi.html
300,      297. Dar Habiba,https://www.tripadvisor.com/Hotel_Review-g293734-d1208529-Reviews-Dar_Habiba-Marrakech_Marrakech_Safi.html
301,      298. Riad Dar Saba,https://www.tripadvisor.com/Hotel_Review-g293734-d1006556-Reviews-Riad_Dar_Saba-Marrakech_Marrakech_Safi.html
302,      299. Riad Shemsi,https://www.tripadvisor.com/Hotel_Review-g293734-d643751-Reviews-Riad_Shemsi-Marrakech_Marrakech_Safi.html
303,      300. Riad Majala,https://www.tripadvisor.com/Hotel_Review-g293734-d2339864-Reviews-Riad_Majala-Marrakech_Marrakech_Safi.html
304,      301. Dar Zemora,https://www.tripadvisor.com/Hotel_Review-g293734-d503102-Reviews-Dar_Zemora-Marrakech_Marrakech_Safi.html
305,      302. Riad Chamali,https://www.tripadvisor.com/Hotel_Review-g293734-d1178070-Reviews-Riad_Chamali-Marrakech_Marrakech_Safi.html
306,      303. Riad Bab Tilila,https://www.tripadvisor.com/Hotel_Review-g293734-d3845394-Reviews-Riad_Bab_Tilila-Marrakech_Marrakech_Safi.html
307,      304. Dar Khmissa riad & spa Marrakech,https://www.tripadvisor.com/Hotel_Review-g293734-d603369-Reviews-Dar_Khmissa_riad_spa_Marrakech-Marrakech_Marrakech_Safi.html
308,      305. Riad Shaden,https://www.tripadvisor.com/Hotel_Review-g293734-d952365-Reviews-Riad_Shaden-Marrakech_Marrakech_Safi.html
309,      306. Riad Les Nuits de Marrakech,https://www.tripadvisor.com/Hotel_Review-g293734-d3729243-Reviews-Riad_Les_Nuits_de_Marrakech-Marrakech_Marrakech_Safi.html
310,      307. Riad Adika,https://www.tripadvisor.com/Hotel_Review-g293734-d643560-Reviews-Riad_Adika-Marrakech_Marrakech_Safi.html
311,      308. Riad Wazani Square & Spa,https://www.tripadvisor.com/Hotel_Review-g293734-d21110993-Reviews-Riad_Wazani_Square_Spa-Marrakech_Marrakech_Safi.html
312,      309. Riad Clementine,https://www.tripadvisor.com/Hotel_Review-g293734-d585339-Reviews-Riad_Clementine-Marrakech_Marrakech_Safi.html
313,      310. Riad Oriental Glory & Spa,https://www.tripadvisor.com/Hotel_Review-g293734-d15636335-Reviews-Riad_Oriental_Glory_Spa-Marrakech_Marrakech_Safi.html
314,      311. Riad Sapphire and Spa,https://www.tripadvisor.com/Hotel_Review-g293734-d6514556-Reviews-Riad_Sapphire_and_Spa-Marrakech_Marrakech_Safi.html
315,      312. Riad d'Airain Marrakech,https://www.tripadvisor.com/Hotel_Review-g293734-d1409323-Reviews-Riad_d_Airain_Marrakech-Marrakech_Marrakech_Safi.html
316,      313. Dar Asdika,https://www.tripadvisor.com/Hotel_Review-g293734-d3372178-Reviews-Dar_Asdika-Marrakech_Marrakech_Safi.html
317,      314. Riad Alma,https://www.tripadvisor.com/Hotel_Review-g293734-d644763-Reviews-Riad_Alma-Marrakech_Marrakech_Safi.html
318,      315. Riad El Mezouar,https://www.tripadvisor.com/Hotel_Review-g293734-d530952-Reviews-Riad_El_Mezouar-Marrakech_Marrakech_Safi.html
319,      316. Riad Eden,https://www.tripadvisor.com/Hotel_Review-g293734-d585342-Reviews-Riad_Eden-Marrakech_Marrakech_Safi.html
320,      317. Riad Danka,https://www.tripadvisor.com/Hotel_Review-g293734-d3459678-Reviews-Riad_Danka-Marrakech_Marrakech_Safi.html
321,      318. Riad Sidi Mimoune et spa,https://www.tripadvisor.com/Hotel_Review-g293734-d1160279-Reviews-Riad_Sidi_Mimoune_et_spa-Marrakech_Marrakech_Safi.html
322,      319. Riad El Noujoum,https://www.tripadvisor.com/Hotel_Review-g293734-d646593-Reviews-Riad_El_Noujoum-Marrakech_Marrakech_Safi.html
323,      320. La Brillante,https://www.tripadvisor.com/Hotel_Review-g293734-d17792402-Reviews-La_Brillante-Marrakech_Marrakech_Safi.html
324,      321. Riad Jawad & Spa,https://www.tripadvisor.com/Hotel_Review-g293734-d1605533-Reviews-Riad_Jawad_Spa-Marrakech_Marrakech_Safi.html
325,      322. Riad Siwan,https://www.tripadvisor.com/Hotel_Review-g293734-d1777590-Reviews-Riad_Siwan-Marrakech_Marrakech_Safi.html
326,      323. Riad Chocolat,https://www.tripadvisor.com/Hotel_Review-g293734-d4137732-Reviews-Riad_Chocolat-Marrakech_Marrakech_Safi.html
327,      324. Amanjena,https://www.tripadvisor.com/Hotel_Review-g293734-d308203-Reviews-Amanjena-Marrakech_Marrakech_Safi.html
328,      325. Dar Sabra Hotel Marrakech,https://www.tripadvisor.com/Hotel_Review-g293734-d1179230-Reviews-Dar_Sabra_Hotel_Marrakech-Marrakech_Marrakech_Safi.html
329,      326. Riad Nasreen,https://www.tripadvisor.com/Hotel_Review-g293734-d1557889-Reviews-Riad_Nasreen-Marrakech_Marrakech_Safi.html
330,      327. Riad Villa El Arsa,https://www.tripadvisor.com/Hotel_Review-g293734-d633875-Reviews-Riad_Villa_El_Arsa-Marrakech_Marrakech_Safi.html
331,      328. The Source,https://www.tripadvisor.com/Hotel_Review-g293734-d8778909-Reviews-The_Source-Marrakech_Marrakech_Safi.html
332,      329. Riad Hidden,https://www.tripadvisor.com/Hotel_Review-g293734-d1815286-Reviews-Riad_Hidden-Marrakech_Marrakech_Safi.html
333,      330. Riad Alida,https://www.tripadvisor.com/Hotel_Review-g293734-d659724-Reviews-Riad_Alida-Marrakech_Marrakech_Safi.html
